,test_n,iter,x,y,z,time
0,0,0,-1.80450439453125,2.87872314453125,8.650308932933473,0.2557296
1,0,1,-0.88409423828125,-1.35009765625,5.717182848112312,0.20778829999999993
2,0,2,-0.416259765625,0.44891357421875,3.9732182672154974,0.21476099999999998
3,0,3,-0.04608154296875,1.09283447265625,3.1335812958626446,0.2144488
4,0,4,-0.0640869140625,-1.07635498046875,3.078534036567931,0.2646367999999999
5,0,5,0.406494140625,-0.14801025390625,3.015810749803603,0.28256400000000004
6,0,6,0.406494140625,-0.14801025390625,3.015810749803603,0.2848481999999999
7,0,7,0.406494140625,-0.14801025390625,3.015810749803603,0.2273080000000003
8,0,8,0.406494140625,-0.14801025390625,3.015810749803603,0.29572049999999983
9,0,9,0.406494140625,-0.14801025390625,3.015810749803603,0.20570010000000005
10,0,10,0.406494140625,-0.14801025390625,3.015810749803603,0.18477560000000004
11,0,11,0.406494140625,-0.14801025390625,3.015810749803603,0.3498703000000001
12,0,12,0.406494140625,-0.14801025390625,3.015810749803603,0.2544985999999998
13,0,13,0.406494140625,-0.14801025390625,3.015810749803603,0.4541895
14,0,14,0.406494140625,-0.14801025390625,3.015810749803603,0.4459331999999998
15,0,15,0.406494140625,-0.14801025390625,3.015810749803603,0.19547939999999997
16,0,16,0.406494140625,-0.14801025390625,3.015810749803603,0.2944285999999998
17,0,17,0.406494140625,-0.14801025390625,3.015810749803603,0.2381556999999992
18,0,18,0.406494140625,-0.14801025390625,3.015810749803603,0.2121706999999997
19,0,19,0.406494140625,-0.14801025390625,3.015810749803603,0.2703068999999996
20,0,20,0.406494140625,-0.14801025390625,3.015810749803603,0.42041280000000025
21,0,21,0.406494140625,-0.14801025390625,3.015810749803603,0.24151650000000036
22,0,22,0.406494140625,-0.14801025390625,3.015810749803603,0.23676290000000044
23,0,23,0.10833740234375,0.4150390625,2.9364617084001137,0.25274220000000014
24,0,24,0.10833740234375,0.4150390625,2.9364617084001137,0.36538199999999943
25,0,25,0.10833740234375,0.4150390625,2.9364617084001137,0.33500070000000015
26,0,26,-0.09002685546875,0.0634765625,0.6095898763585343,0.2802688999999994
27,0,27,-0.09002685546875,0.0634765625,0.6095898763585343,0.3542407000000001
28,0,28,-0.09002685546875,0.0634765625,0.6095898763585343,0.36865539999999974
29,0,29,-0.09002685546875,0.0634765625,0.6095898763585343,0.4673286000000001
30,0,30,-0.09002685546875,0.0634765625,0.6095898763585343,0.29059679999999943
31,0,31,-0.09002685546875,0.0634765625,0.6095898763585343,0.3750298000000001
32,0,32,-0.09002685546875,0.0634765625,0.6095898763585343,0.3689872999999988
33,0,33,-0.09002685546875,0.0634765625,0.6095898763585343,0.41770449999999926
34,0,34,-0.09002685546875,0.0634765625,0.6095898763585343,0.25630989999999976
35,0,35,-0.09002685546875,0.0634765625,0.6095898763585343,0.3646085999999986
36,0,36,-0.09002685546875,0.0634765625,0.6095898763585343,0.22049930000000018
37,0,37,-0.09002685546875,0.0634765625,0.6095898763585343,0.18307429999999947
38,0,38,-0.09002685546875,0.0634765625,0.6095898763585343,0.3566532000000002
39,0,39,-0.09002685546875,0.0634765625,0.6095898763585343,0.21339359999999985
40,0,40,-0.09002685546875,0.0634765625,0.6095898763585343,0.19277680000000075
41,0,41,-0.09002685546875,0.0634765625,0.6095898763585343,0.18887160000000058
42,0,42,-0.09002685546875,0.0634765625,0.6095898763585343,0.46742360000000005
43,0,43,-0.09002685546875,0.0634765625,0.6095898763585343,0.2261116000000012
44,0,44,-0.09002685546875,0.0634765625,0.6095898763585343,0.32931759999999954
45,0,45,-0.09002685546875,0.0634765625,0.6095898763585343,0.42876770000000164
46,0,46,-0.09002685546875,0.0634765625,0.6095898763585343,0.28062440000000066
47,0,47,-0.09002685546875,0.0634765625,0.6095898763585343,0.1876642000000004
48,0,48,-0.09002685546875,0.0634765625,0.6095898763585343,0.18693279999999923
49,0,49,-0.09002685546875,0.0634765625,0.6095898763585343,0.22470619999999997
50,0,50,-0.09002685546875,0.0634765625,0.6095898763585343,0.30179620000000007
51,0,51,-0.09002685546875,0.0634765625,0.6095898763585343,0.2511633
52,0,52,-0.09002685546875,0.0634765625,0.6095898763585343,0.21385839999999945
53,0,53,-0.09002685546875,0.0634765625,0.6095898763585343,0.2296440999999998
54,0,54,-0.09002685546875,0.0634765625,0.6095898763585343,0.2103131999999981
55,0,55,-0.09002685546875,0.0634765625,0.6095898763585343,0.2707248
56,0,56,-0.09002685546875,0.0634765625,0.6095898763585343,0.6653450000000021
57,0,57,-0.09002685546875,0.0634765625,0.6095898763585343,0.20577310000000182
58,0,58,-0.09002685546875,0.0634765625,0.6095898763585343,0.21644930000000073
59,0,59,-0.09002685546875,0.0634765625,0.6095898763585343,0.18194090000000074
60,0,60,-0.09002685546875,0.0634765625,0.6095898763585343,0.20675049999999828
61,0,61,-0.09002685546875,0.0634765625,0.6095898763585343,0.18218550000000278
62,0,62,-0.09002685546875,0.0634765625,0.6095898763585343,0.21384669999999772
63,0,63,-0.09002685546875,0.0634765625,0.6095898763585343,0.23863899999999916
64,0,64,-0.09002685546875,0.0634765625,0.6095898763585343,0.23089219999999955
65,0,65,-0.09002685546875,0.0634765625,0.6095898763585343,0.21540330000000196
66,0,66,-0.09002685546875,0.0634765625,0.6095898763585343,0.4599794999999993
67,0,67,-0.09002685546875,0.0634765625,0.6095898763585343,0.27155929999999984
68,0,68,-0.09002685546875,0.0634765625,0.6095898763585343,0.2767614999999992
69,0,69,-0.09002685546875,0.0634765625,0.6095898763585343,0.24480490000000188
70,0,70,-0.09002685546875,0.0634765625,0.6095898763585343,0.45826439999999735
71,0,71,-0.09002685546875,0.0634765625,0.6095898763585343,0.23008240000000058
72,0,72,-0.09002685546875,0.0634765625,0.6095898763585343,0.4355614999999986
73,0,73,-0.09002685546875,0.0634765625,0.6095898763585343,0.20482010000000272
74,0,74,-0.09002685546875,0.0634765625,0.6095898763585343,0.33209730000000093
75,0,75,-0.09002685546875,0.0634765625,0.6095898763585343,0.253408799999999
76,0,76,-0.09002685546875,0.0634765625,0.6095898763585343,0.3575570999999975
77,0,77,-0.09002685546875,0.0634765625,0.6095898763585343,0.2651184000000022
78,0,78,-0.09002685546875,0.0634765625,0.6095898763585343,0.20609500000000125
79,0,79,-0.09002685546875,0.0634765625,0.6095898763585343,0.197905200000001
80,0,80,-0.09002685546875,0.0634765625,0.6095898763585343,0.3020926999999993
81,0,81,-0.09002685546875,0.0634765625,0.6095898763585343,0.31962440000000214
82,0,82,-0.09002685546875,0.0634765625,0.6095898763585343,0.27177760000000006
83,0,83,-0.09002685546875,0.0634765625,0.6095898763585343,0.31268840000000253
84,0,84,-0.09002685546875,0.0634765625,0.6095898763585343,0.23489930000000214
85,0,85,-0.09002685546875,0.0634765625,0.6095898763585343,0.21610410000000257
86,0,86,-0.09002685546875,0.0634765625,0.6095898763585343,0.20537900000000064
87,0,87,-0.09002685546875,0.0634765625,0.6095898763585343,0.2551786000000007
88,0,88,-0.09002685546875,0.0634765625,0.6095898763585343,0.2183115000000022
89,0,89,-0.09002685546875,0.0634765625,0.6095898763585343,0.27505490000000066
90,0,90,-0.09002685546875,0.0634765625,0.6095898763585343,0.3402864000000001
91,0,91,-0.09002685546875,0.0634765625,0.6095898763585343,0.28834170000000015
92,0,92,-0.09002685546875,0.0634765625,0.6095898763585343,0.32954949999999883
93,0,93,-0.09002685546875,0.0634765625,0.6095898763585343,0.18772140000000093
94,0,94,-0.09002685546875,0.0634765625,0.6095898763585343,0.22008500000000097
95,0,95,-0.09002685546875,0.0634765625,0.6095898763585343,0.21185700000000196
96,0,96,-0.09002685546875,0.0634765625,0.6095898763585343,0.20730329999999952
97,0,97,-0.09002685546875,0.0634765625,0.6095898763585343,0.1824169999999974
98,0,98,-0.09002685546875,0.0634765625,0.6095898763585343,0.26345440000000053
99,0,99,-0.09002685546875,0.0634765625,0.6095898763585343,0.2351700000000001
100,0,100,-0.09002685546875,0.0634765625,0.6095898763585343,0.1828099000000023
101,1,0,-0.2685546875,0.06927490234375,2.002839023686612,0.19817719999999994
102,1,1,-0.2685546875,0.06927490234375,2.002839023686612,0.22633719999999968
103,1,2,-0.2685546875,0.06927490234375,2.002839023686612,0.20402170000000197
104,1,3,-0.2685546875,0.06927490234375,2.002839023686612,0.33725860000000196
105,1,4,0.1275634765625,-0.1336669921875,1.2570805768110351,0.2079348000000003
106,1,5,0.1275634765625,-0.1336669921875,1.2570805768110351,0.33113349999999997
107,1,6,0.1275634765625,-0.1336669921875,1.2570805768110351,0.20587190000000177
108,1,7,0.1275634765625,-0.1336669921875,1.2570805768110351,0.2493078000000004
109,1,8,-0.0421142578125,0.1611328125,1.0721276188587514,0.5074787000000001
110,1,9,-0.0421142578125,0.1611328125,1.0721276188587514,0.4021781000000004
111,1,10,-0.0421142578125,0.1611328125,1.0721276188587514,0.34787740000000156
112,1,11,-0.0421142578125,0.1611328125,1.0721276188587514,0.26098309999999714
113,1,12,-0.0421142578125,0.1611328125,1.0721276188587514,0.184827999999996
114,1,13,-0.0421142578125,0.1611328125,1.0721276188587514,0.2024437999999975
115,1,14,-0.0421142578125,0.1611328125,1.0721276188587514,0.4069493999999949
116,1,15,-0.0421142578125,0.1611328125,1.0721276188587514,0.29499590000000353
117,1,16,-0.0421142578125,0.1611328125,1.0721276188587514,0.19768200000000036
118,1,17,-0.0421142578125,0.1611328125,1.0721276188587514,0.3046351000000058
119,1,18,-0.0421142578125,0.1611328125,1.0721276188587514,0.25108769999999936
120,1,19,-0.0421142578125,0.1611328125,1.0721276188587514,0.2715323999999981
121,1,20,-0.0421142578125,0.1611328125,1.0721276188587514,0.26761599999999675
122,1,21,-0.0421142578125,0.1611328125,1.0721276188587514,0.27179530000000085
123,1,22,-0.0421142578125,0.1611328125,1.0721276188587514,0.214576000000001
124,1,23,-0.0421142578125,0.1611328125,1.0721276188587514,0.19724349999999902
125,1,24,-0.0421142578125,0.1611328125,1.0721276188587514,0.30334879999999487
126,1,25,-0.0421142578125,0.1611328125,1.0721276188587514,0.2920794999999998
127,1,26,-0.0421142578125,0.1611328125,1.0721276188587514,0.2225686999999965
128,1,27,-0.0421142578125,0.1611328125,1.0721276188587514,0.2210955000000041
129,1,28,-0.0421142578125,0.1611328125,1.0721276188587514,0.48039620000000127
130,1,29,-0.0421142578125,0.1611328125,1.0721276188587514,0.32503870000000035
131,1,30,-0.0421142578125,0.1611328125,1.0721276188587514,0.32123789999999985
132,1,31,-0.0421142578125,0.1611328125,1.0721276188587514,0.18309250000000077
133,1,32,-0.0421142578125,0.1611328125,1.0721276188587514,0.30558470000000426
134,1,33,-0.0421142578125,0.1611328125,1.0721276188587514,0.44268990000000485
135,1,34,-0.0421142578125,0.1611328125,1.0721276188587514,0.21422520000000134
136,1,35,-0.0421142578125,0.1611328125,1.0721276188587514,0.43677189999999655
137,1,36,-0.0421142578125,0.1611328125,1.0721276188587514,0.4216205999999971
138,1,37,-0.0421142578125,0.1611328125,1.0721276188587514,0.34179149999999936
139,1,38,-0.0421142578125,0.1611328125,1.0721276188587514,0.35306100000000384
140,1,39,-0.0421142578125,0.1611328125,1.0721276188587514,0.37014680000000055
141,1,40,-0.0421142578125,0.1611328125,1.0721276188587514,0.6092781999999985
142,1,41,-0.0421142578125,0.1611328125,1.0721276188587514,0.32247980000000354
143,1,42,-0.0421142578125,0.1611328125,1.0721276188587514,0.4013802999999996
144,1,43,-0.0421142578125,0.1611328125,1.0721276188587514,0.34053200000000317
145,1,44,-0.0421142578125,0.1611328125,1.0721276188587514,0.3518299000000056
146,1,45,-0.0421142578125,0.1611328125,1.0721276188587514,0.3215418999999997
147,1,46,-0.0421142578125,0.1611328125,1.0721276188587514,0.3882466000000022
148,1,47,-0.0421142578125,0.1611328125,1.0721276188587514,0.40578179999999975
149,1,48,-0.0421142578125,0.1611328125,1.0721276188587514,0.24665810000000477
150,1,49,-0.0421142578125,0.1611328125,1.0721276188587514,0.2786462000000043
151,1,50,-0.0421142578125,0.1611328125,1.0721276188587514,0.2235609000000025
152,1,51,-0.0421142578125,0.1611328125,1.0721276188587514,0.3258002000000033
153,1,52,-0.0421142578125,0.1611328125,1.0721276188587514,0.20219300000000118
154,1,53,-0.0421142578125,0.1611328125,1.0721276188587514,0.2936374000000015
155,1,54,-0.0421142578125,0.1611328125,1.0721276188587514,0.30816510000000363
156,1,55,-0.0421142578125,0.1611328125,1.0721276188587514,0.27900559999999786
157,1,56,-0.0421142578125,0.1611328125,1.0721276188587514,0.18843319999999864
158,1,57,-0.0421142578125,0.1611328125,1.0721276188587514,0.2634734000000023
159,1,58,-0.0421142578125,0.1611328125,1.0721276188587514,0.20357899999999773
160,1,59,-0.0421142578125,0.1611328125,1.0721276188587514,0.2244078000000016
161,1,60,-0.0421142578125,0.1611328125,1.0721276188587514,0.35500230000000244
162,1,61,-0.0421142578125,0.1611328125,1.0721276188587514,0.410166100000005
163,1,62,-0.0421142578125,0.1611328125,1.0721276188587514,0.2781966000000011
164,1,63,-0.0714111328125,0.0244140625,0.3587262325461045,0.18881240000000332
165,1,64,-0.0714111328125,0.0244140625,0.3587262325461045,0.39333650000000375
166,1,65,-0.0714111328125,0.0244140625,0.3587262325461045,0.396097300000001
167,1,66,-0.0714111328125,0.0244140625,0.3587262325461045,0.19073859999999598
168,1,67,-0.0714111328125,0.0244140625,0.3587262325461045,0.3007829999999956
169,1,68,-0.0714111328125,0.0244140625,0.3587262325461045,0.39574299999999596
170,1,69,-0.0714111328125,0.0244140625,0.3587262325461045,0.23726210000000236
171,1,70,-0.0714111328125,0.0244140625,0.3587262325461045,0.2855222000000026
172,1,71,-0.0714111328125,0.0244140625,0.3587262325461045,0.2550378999999978
173,1,72,-0.0714111328125,0.0244140625,0.3587262325461045,0.24164950000000118
174,1,73,-0.0714111328125,0.0244140625,0.3587262325461045,0.206358299999998
175,1,74,-0.0714111328125,0.0244140625,0.3587262325461045,0.23239850000000217
176,1,75,-0.0714111328125,0.0244140625,0.3587262325461045,0.22435620000000256
177,1,76,-0.0714111328125,0.0244140625,0.3587262325461045,0.31135000000000446
178,1,77,-0.0714111328125,0.0244140625,0.3587262325461045,0.260100400000006
179,1,78,-0.0714111328125,0.0244140625,0.3587262325461045,0.2713733000000005
180,1,79,-0.0714111328125,0.0244140625,0.3587262325461045,0.37494039999999984
181,1,80,-0.0714111328125,0.0244140625,0.3587262325461045,0.5088685999999996
182,1,81,-0.0714111328125,0.0244140625,0.3587262325461045,0.21351089999999573
183,1,82,-0.0714111328125,0.0244140625,0.3587262325461045,0.29349350000000385
184,1,83,-0.0714111328125,0.0244140625,0.3587262325461045,0.3090773999999996
185,1,84,-0.0714111328125,0.0244140625,0.3587262325461045,0.4700856999999985
186,1,85,-0.0714111328125,0.0244140625,0.3587262325461045,0.28052600000000183
187,1,86,-0.0714111328125,0.0244140625,0.3587262325461045,0.2375132000000022
188,1,87,-0.0714111328125,0.0244140625,0.3587262325461045,0.23794519999999864
189,1,88,-0.0714111328125,0.0244140625,0.3587262325461045,0.24946710000000394
190,1,89,-0.0714111328125,0.0244140625,0.3587262325461045,0.19617099999999965
191,1,90,-0.0714111328125,0.0244140625,0.3587262325461045,0.23291809999999913
192,1,91,-0.0714111328125,0.0244140625,0.3587262325461045,0.41220260000000053
193,1,92,-0.0714111328125,0.0244140625,0.3587262325461045,0.33251669999999933
194,1,93,-0.0714111328125,0.0244140625,0.3587262325461045,0.21531530000000032
195,1,94,-0.0714111328125,0.0244140625,0.3587262325461045,0.2625466000000003
196,1,95,-0.0714111328125,0.0244140625,0.3587262325461045,0.30398360000000224
197,1,96,-0.0714111328125,0.0244140625,0.3587262325461045,0.1955826000000016
198,1,97,-0.0714111328125,0.0244140625,0.3587262325461045,0.2340589999999949
199,1,98,-0.0714111328125,0.0244140625,0.3587262325461045,0.3590534000000005
200,1,99,-0.0714111328125,0.0244140625,0.3587262325461045,0.33238869999999565
201,1,100,-0.0714111328125,0.0244140625,0.3587262325461045,0.3553314000000043
202,2,0,-1.02691650390625,0.9832763671875,3.66959637113963,0.20537870000000424
203,2,1,-1.02691650390625,0.9832763671875,3.66959637113963,0.21879899999999708
204,2,2,-1.02691650390625,0.9832763671875,3.66959637113963,0.2968047000000027
205,2,3,-0.23773193359375,0.3851318359375,3.244274951924045,0.27826409999999413
206,2,4,-0.00091552734375,0.3814697265625,2.6271348816559663,0.24627440000000433
207,2,5,-0.00091552734375,0.3814697265625,2.6271348816559663,0.26643119999999954
208,2,6,-0.00091552734375,0.3814697265625,2.6271348816559663,0.1899152000000015
209,2,7,-0.00091552734375,0.3814697265625,2.6271348816559663,0.4247037999999961
210,2,8,-0.00091552734375,0.3814697265625,2.6271348816559663,0.20684580000000352
211,2,9,-0.00091552734375,0.3814697265625,2.6271348816559663,0.21418729999999897
212,2,10,-0.00091552734375,0.3814697265625,2.6271348816559663,0.20977489999999932
213,2,11,0.24139404296875,-0.22247314453125,2.505852962561289,0.29355259999999817
214,2,12,0.24139404296875,-0.22247314453125,2.505852962561289,0.3748564999999999
215,2,13,0.24139404296875,-0.22247314453125,2.505852962561289,0.4922888000000043
216,2,14,0.24139404296875,-0.22247314453125,2.505852962561289,0.4410139000000015
217,2,15,0.142822265625,0.04730224609375,0.936131433758217,0.32491380000000447
218,2,16,0.142822265625,0.04730224609375,0.936131433758217,0.4213588999999942
219,2,17,0.142822265625,0.04730224609375,0.936131433758217,0.1875558000000055
220,2,18,0.142822265625,0.04730224609375,0.936131433758217,0.18705650000000418
221,2,19,0.142822265625,0.04730224609375,0.936131433758217,0.2069867999999957
222,2,20,0.142822265625,0.04730224609375,0.936131433758217,0.23558380000000056
223,2,21,0.142822265625,0.04730224609375,0.936131433758217,0.21911020000000292
224,2,22,0.142822265625,0.04730224609375,0.936131433758217,0.18609510000000284
225,2,23,0.142822265625,0.04730224609375,0.936131433758217,0.22467399999999316
226,2,24,0.142822265625,0.04730224609375,0.936131433758217,0.26732140000000015
227,2,25,0.142822265625,0.04730224609375,0.936131433758217,0.3208702999999957
228,2,26,0.142822265625,0.04730224609375,0.936131433758217,0.2290832999999992
229,2,27,0.142822265625,0.04730224609375,0.936131433758217,0.4937547999999907
230,2,28,0.142822265625,0.04730224609375,0.936131433758217,0.3915032000000025
231,2,29,0.142822265625,0.04730224609375,0.936131433758217,0.3833034999999967
232,2,30,0.00579833984375,0.11505126953125,0.6435120262502037,0.34626449999998954
233,2,31,0.00579833984375,0.11505126953125,0.6435120262502037,0.25303300000000206
234,2,32,0.00579833984375,0.11505126953125,0.6435120262502037,0.19157620000000009
235,2,33,0.00579833984375,0.11505126953125,0.6435120262502037,0.23920329999999979
236,2,34,0.00579833984375,0.11505126953125,0.6435120262502037,0.22564669999999865
237,2,35,0.00579833984375,0.11505126953125,0.6435120262502037,0.25472649999998964
238,2,36,0.00579833984375,0.11505126953125,0.6435120262502037,0.20081779999999583
239,2,37,0.00579833984375,0.11505126953125,0.6435120262502037,0.38331700000000524
240,2,38,0.00579833984375,0.11505126953125,0.6435120262502037,0.33296149999999614
241,2,39,0.00579833984375,0.11505126953125,0.6435120262502037,0.4726711999999935
242,2,40,0.00579833984375,0.11505126953125,0.6435120262502037,0.19447480000000894
243,2,41,0.00579833984375,0.11505126953125,0.6435120262502037,0.2915698000000049
244,2,42,0.00579833984375,0.11505126953125,0.6435120262502037,0.42624460000000397
245,2,43,0.00579833984375,0.11505126953125,0.6435120262502037,0.259412999999995
246,2,44,0.00579833984375,0.11505126953125,0.6435120262502037,0.20787749999999505
247,2,45,0.00579833984375,0.11505126953125,0.6435120262502037,0.2680608999999947
248,2,46,0.00579833984375,0.11505126953125,0.6435120262502037,0.22424589999999966
249,2,47,0.00579833984375,0.11505126953125,0.6435120262502037,0.30770170000000974
250,2,48,0.00579833984375,0.11505126953125,0.6435120262502037,0.1960466000000025
251,2,49,0.00579833984375,0.11505126953125,0.6435120262502037,0.3005496999999906
252,2,50,0.00579833984375,0.11505126953125,0.6435120262502037,0.21149579999999446
253,2,51,0.00579833984375,0.11505126953125,0.6435120262502037,0.2679147999999998
254,2,52,0.00579833984375,0.11505126953125,0.6435120262502037,0.39865079999999864
255,2,53,0.00579833984375,0.11505126953125,0.6435120262502037,0.2604571999999905
256,2,54,0.00579833984375,0.11505126953125,0.6435120262502037,0.29491660000000763
257,2,55,0.00579833984375,0.11505126953125,0.6435120262502037,0.2310008000000039
258,2,56,0.00579833984375,0.11505126953125,0.6435120262502037,0.40791260000000307
259,2,57,0.00579833984375,0.11505126953125,0.6435120262502037,0.2714847999999961
260,2,58,0.00579833984375,0.11505126953125,0.6435120262502037,0.2758752999999956
261,2,59,0.00579833984375,0.11505126953125,0.6435120262502037,0.20253630000000555
262,2,60,0.00579833984375,0.11505126953125,0.6435120262502037,0.30070600000000525
263,2,61,0.00579833984375,0.11505126953125,0.6435120262502037,0.2905623000000048
264,2,62,0.00579833984375,0.11505126953125,0.6435120262502037,0.2766859000000039
265,2,63,0.00579833984375,0.11505126953125,0.6435120262502037,0.22453609999999458
266,2,64,0.00579833984375,0.11505126953125,0.6435120262502037,0.22267650000000572
267,2,65,0.00579833984375,0.11505126953125,0.6435120262502037,0.305036599999994
268,2,66,0.00579833984375,0.11505126953125,0.6435120262502037,0.27790819999999883
269,2,67,0.00579833984375,0.11505126953125,0.6435120262502037,0.3636292999999995
270,2,68,0.00579833984375,0.11505126953125,0.6435120262502037,0.29433170000000075
271,2,69,0.00579833984375,0.11505126953125,0.6435120262502037,0.3273710999999935
272,2,70,0.00579833984375,0.11505126953125,0.6435120262502037,0.39159440000000245
273,2,71,0.00579833984375,0.11505126953125,0.6435120262502037,0.39975169999999594
274,2,72,0.00579833984375,0.11505126953125,0.6435120262502037,0.2414128000000062
275,2,73,0.00579833984375,0.11505126953125,0.6435120262502037,0.25846909999999923
276,2,74,0.00579833984375,0.11505126953125,0.6435120262502037,0.2391063000000031
277,2,75,0.00579833984375,0.11505126953125,0.6435120262502037,0.23999609999999905
278,2,76,0.00579833984375,0.11505126953125,0.6435120262502037,0.183349199999995
279,2,77,0.00579833984375,0.11505126953125,0.6435120262502037,0.22612560000000315
280,2,78,0.00579833984375,0.11505126953125,0.6435120262502037,0.24566640000000461
281,2,79,0.00579833984375,0.11505126953125,0.6435120262502037,0.18409840000001054
282,2,80,0.00579833984375,0.11505126953125,0.6435120262502037,0.2518479999999954
283,2,81,0.00579833984375,0.11505126953125,0.6435120262502037,0.39713449999999284
284,2,82,0.00579833984375,0.11505126953125,0.6435120262502037,0.3061233000000101
285,2,83,0.00579833984375,0.11505126953125,0.6435120262502037,0.30678880000000674
286,2,84,0.0634765625,-0.0909423828125,0.6154181055423611,0.2171445000000034
287,2,85,0.0634765625,-0.0909423828125,0.6154181055423611,0.32502470000000017
288,2,86,0.0634765625,-0.0909423828125,0.6154181055423611,0.2564161000000098
289,2,87,0.0634765625,-0.0909423828125,0.6154181055423611,0.3559102999999908
290,2,88,0.0634765625,-0.0909423828125,0.6154181055423611,0.5802603000000062
291,2,89,0.0634765625,-0.0909423828125,0.6154181055423611,0.2602317999999997
292,2,90,0.0634765625,-0.0909423828125,0.6154181055423611,0.3359904
293,2,91,0.0634765625,-0.0909423828125,0.6154181055423611,0.3189256999999941
294,2,92,0.0634765625,-0.0909423828125,0.6154181055423611,0.3544801000000035
295,2,93,0.0634765625,-0.0909423828125,0.6154181055423611,0.34763739999999643
296,2,94,0.0634765625,-0.0909423828125,0.6154181055423611,0.21857299999999213
297,2,95,0.0634765625,-0.0909423828125,0.6154181055423611,0.26838080000000275
298,2,96,0.0634765625,-0.0909423828125,0.6154181055423611,0.18811970000000144
299,2,97,0.0634765625,-0.0909423828125,0.6154181055423611,0.25255570000000205
300,2,98,0.0634765625,-0.0909423828125,0.6154181055423611,0.1817058999999972
301,2,99,0.0634765625,-0.0909423828125,0.6154181055423611,0.22572410000000787
302,2,100,0.0634765625,-0.0909423828125,0.6154181055423611,0.2294636999999966
303,3,0,-2.11700439453125,-1.97174072265625,7.0634949708399475,0.2506907999999868
304,3,1,-0.9600830078125,0.05218505859375,2.6552768404390332,0.2758945000000068
305,3,2,-0.9600830078125,0.05218505859375,2.6552768404390332,0.19583590000000584
306,3,3,0.0543212890625,0.3509521484375,2.5068693202786148,0.5228177999999986
307,3,4,0.0543212890625,0.3509521484375,2.5068693202786148,0.21419129999999598
308,3,5,0.0543212890625,0.3509521484375,2.5068693202786148,0.27952420000001155
309,3,6,0.0543212890625,0.3509521484375,2.5068693202786148,0.31008710000000406
310,3,7,0.0543212890625,0.3509521484375,2.5068693202786148,0.657597999999993
311,3,8,0.0543212890625,0.3509521484375,2.5068693202786148,0.2834403000000094
312,3,9,0.0543212890625,0.3509521484375,2.5068693202786148,0.4053512999999924
313,3,10,0.0543212890625,0.3509521484375,2.5068693202786148,0.2822132999999951
314,3,11,0.0543212890625,0.3509521484375,2.5068693202786148,0.3535548999999918
315,3,12,-0.2215576171875,-0.0640869140625,1.628779027457878,0.26662629999999865
316,3,13,-0.2215576171875,-0.0640869140625,1.628779027457878,0.3042005999999873
317,3,14,0.0921630859375,-0.15380859375,1.2000411313007473,0.33875840000000323
318,3,15,0.0921630859375,-0.15380859375,1.2000411313007473,0.3582278999999886
319,3,16,0.0921630859375,-0.15380859375,1.2000411313007473,0.3258250000000089
320,3,17,0.0921630859375,-0.15380859375,1.2000411313007473,0.2704952999999932
321,3,18,0.0921630859375,-0.15380859375,1.2000411313007473,0.26774420000000987
322,3,19,0.0921630859375,-0.15380859375,1.2000411313007473,0.2985702999999944
323,3,20,0.0921630859375,-0.15380859375,1.2000411313007473,0.25870300000001123
324,3,21,0.0921630859375,-0.15380859375,1.2000411313007473,0.2429026999999877
325,3,22,0.0921630859375,-0.15380859375,1.2000411313007473,0.29261929999999836
326,3,23,0.0921630859375,-0.15380859375,1.2000411313007473,0.32164060000000916
327,3,24,0.0921630859375,-0.15380859375,1.2000411313007473,0.3094826000000097
328,3,25,0.0921630859375,-0.15380859375,1.2000411313007473,0.4533241000000032
329,3,26,0.0921630859375,-0.15380859375,1.2000411313007473,0.21440760000000125
330,3,27,0.0921630859375,-0.15380859375,1.2000411313007473,0.2873194000000012
331,3,28,0.0921630859375,-0.15380859375,1.2000411313007473,0.3447012000000029
332,3,29,0.0921630859375,-0.15380859375,1.2000411313007473,0.3049926000000056
333,3,30,0.0921630859375,-0.15380859375,1.2000411313007473,0.32680870000000084
334,3,31,0.0921630859375,-0.15380859375,1.2000411313007473,0.34177170000000956
335,3,32,0.0921630859375,-0.15380859375,1.2000411313007473,0.3972985000000051
336,3,33,0.0921630859375,-0.15380859375,1.2000411313007473,0.18779680000000099
337,3,34,0.0921630859375,-0.15380859375,1.2000411313007473,0.3334767999999997
338,3,35,0.0921630859375,-0.15380859375,1.2000411313007473,0.397554999999997
339,3,36,0.0921630859375,-0.15380859375,1.2000411313007473,0.3321831999999887
340,3,37,0.0921630859375,-0.15380859375,1.2000411313007473,0.2384266999999909
341,3,38,0.0921630859375,-0.15380859375,1.2000411313007473,0.18387650000001088
342,3,39,0.0921630859375,-0.15380859375,1.2000411313007473,0.4005736000000013
343,3,40,0.0921630859375,-0.15380859375,1.2000411313007473,0.27373190000000136
344,3,41,-0.072021484375,-0.06134033203125,0.4923038295068136,0.2460118000000051
345,3,42,-0.072021484375,-0.06134033203125,0.4923038295068136,0.23441040000000157
346,3,43,-0.072021484375,-0.06134033203125,0.4923038295068136,0.2322067000000061
347,3,44,-0.072021484375,-0.06134033203125,0.4923038295068136,0.3190890000000053
348,3,45,-0.072021484375,-0.06134033203125,0.4923038295068136,0.49198660000000416
349,3,46,-0.072021484375,-0.06134033203125,0.4923038295068136,0.39806930000000307
350,3,47,-0.072021484375,-0.06134033203125,0.4923038295068136,0.4148167000000029
351,3,48,-0.072021484375,-0.06134033203125,0.4923038295068136,0.2840378000000072
352,3,49,-0.072021484375,-0.06134033203125,0.4923038295068136,0.25632520000000625
353,3,50,-0.072021484375,-0.06134033203125,0.4923038295068136,0.4808694999999972
354,3,51,-0.072021484375,-0.06134033203125,0.4923038295068136,0.1868752000000029
355,3,52,-0.072021484375,-0.06134033203125,0.4923038295068136,0.3300576000000035
356,3,53,-0.072021484375,-0.06134033203125,0.4923038295068136,0.21197139999999592
357,3,54,-0.072021484375,-0.06134033203125,0.4923038295068136,0.2812267000000048
358,3,55,-0.072021484375,-0.06134033203125,0.4923038295068136,0.1850761000000034
359,3,56,-0.072021484375,-0.06134033203125,0.4923038295068136,0.19411629999999036
360,3,57,-0.072021484375,-0.06134033203125,0.4923038295068136,0.2682945000000103
361,3,58,-0.072021484375,-0.06134033203125,0.4923038295068136,0.38651440000001
362,3,59,-0.072021484375,-0.06134033203125,0.4923038295068136,0.18208420000000558
363,3,60,-0.072021484375,-0.06134033203125,0.4923038295068136,0.18245350000000826
364,3,61,-0.072021484375,-0.06134033203125,0.4923038295068136,0.23114680000000476
365,3,62,-0.072021484375,-0.06134033203125,0.4923038295068136,0.45191180000000486
366,3,63,-0.072021484375,-0.06134033203125,0.4923038295068136,0.2999281000000025
367,3,64,-0.072021484375,-0.06134033203125,0.4923038295068136,0.33393940000000555
368,3,65,-0.072021484375,-0.06134033203125,0.4923038295068136,0.4932787999999988
369,3,66,-0.072021484375,-0.06134033203125,0.4923038295068136,0.2663352000000003
370,3,67,-0.072021484375,-0.06134033203125,0.4923038295068136,0.40898809999998775
371,3,68,-0.072021484375,-0.06134033203125,0.4923038295068136,0.22838860000000238
372,3,69,-0.072021484375,-0.06134033203125,0.4923038295068136,0.2699041000000051
373,3,70,-0.072021484375,-0.06134033203125,0.4923038295068136,0.2043467000000021
374,3,71,-0.072021484375,-0.06134033203125,0.4923038295068136,0.25804159999999854
375,3,72,-0.072021484375,-0.06134033203125,0.4923038295068136,0.30173379999999383
376,3,73,-0.072021484375,-0.06134033203125,0.4923038295068136,0.3718451000000016
377,3,74,-0.072021484375,-0.06134033203125,0.4923038295068136,0.19713900000000706
378,3,75,-0.072021484375,-0.06134033203125,0.4923038295068136,0.34524469999999496
379,3,76,-0.072021484375,-0.06134033203125,0.4923038295068136,0.2759590000000003
380,3,77,-0.072021484375,-0.06134033203125,0.4923038295068136,0.2698462000000035
381,3,78,-0.072021484375,-0.06134033203125,0.4923038295068136,0.41384019999999566
382,3,79,-0.072021484375,-0.06134033203125,0.4923038295068136,0.27541829999999834
383,3,80,-0.072021484375,-0.06134033203125,0.4923038295068136,0.2459498999999994
384,3,81,-0.072021484375,-0.06134033203125,0.4923038295068136,0.2087664000000018
385,3,82,-0.072021484375,-0.06134033203125,0.4923038295068136,0.38333519999999055
386,3,83,-0.072021484375,-0.06134033203125,0.4923038295068136,0.1866084999999913
387,3,84,-0.072021484375,-0.06134033203125,0.4923038295068136,0.23749759999999753
388,3,85,-0.072021484375,-0.06134033203125,0.4923038295068136,0.2764628999999985
389,3,86,-0.072021484375,-0.06134033203125,0.4923038295068136,0.18591569999999535
390,3,87,-0.072021484375,-0.06134033203125,0.4923038295068136,0.38649350000000027
391,3,88,-0.072021484375,-0.06134033203125,0.4923038295068136,0.19175989999999388
392,3,89,-0.072021484375,-0.06134033203125,0.4923038295068136,0.18428099999999858
393,3,90,-0.072021484375,-0.06134033203125,0.4923038295068136,0.6030972000000077
394,3,91,-0.072021484375,-0.06134033203125,0.4923038295068136,0.4001916999999935
395,3,92,-0.072021484375,-0.06134033203125,0.4923038295068136,0.2715551000000005
396,3,93,-0.072021484375,-0.06134033203125,0.4923038295068136,0.21248339999999644
397,3,94,-0.072021484375,-0.06134033203125,0.4923038295068136,0.20379450000000077
398,3,95,-0.072021484375,-0.06134033203125,0.4923038295068136,0.27065450000000624
399,3,96,-0.072021484375,-0.06134033203125,0.4923038295068136,0.23880419999998992
400,3,97,-0.072021484375,-0.06134033203125,0.4923038295068136,0.2244185999999928
401,3,98,-0.072021484375,-0.06134033203125,0.4923038295068136,0.30290619999999535
402,3,99,-0.072021484375,-0.06134033203125,0.4923038295068136,0.22507450000000517
403,3,100,-0.072021484375,-0.06134033203125,0.4923038295068136,0.22797700000000987
404,4,0,-1.007080078125,-0.8978271484375,3.7328730870080347,0.3207066000000083
405,4,1,-1.007080078125,-0.8978271484375,3.7328730870080347,0.28620050000000674
406,4,2,-1.007080078125,-0.8978271484375,3.7328730870080347,0.23942929999999762
407,4,3,-0.0433349609375,0.9918212890625,2.6711367763396834,0.18386780000000158
408,4,4,-0.0433349609375,0.9918212890625,2.6711367763396834,0.23215999999999326
409,4,5,-0.0433349609375,0.9918212890625,2.6711367763396834,0.36695190000000366
410,4,6,0.1971435546875,-0.24139404296875,2.3713666305499363,0.2051764999999932
411,4,7,0.1971435546875,-0.24139404296875,2.3713666305499363,0.303330399999993
412,4,8,0.2001953125,0.15106201171875,1.8545391731173315,0.24459799999999632
413,4,9,0.2001953125,0.15106201171875,1.8545391731173315,0.21428070000000332
414,4,10,-0.1165771484375,0.0421142578125,0.7159488732031147,0.47774289999999553
415,4,11,-0.1165771484375,0.0421142578125,0.7159488732031147,0.3914471000000077
416,4,12,-0.1165771484375,0.0421142578125,0.7159488732031147,0.21751569999999276
417,4,13,-0.1165771484375,0.0421142578125,0.7159488732031147,0.38549900000001003
418,4,14,-0.1165771484375,0.0421142578125,0.7159488732031147,0.2943745999999976
419,4,15,-0.1165771484375,0.0421142578125,0.7159488732031147,0.20855029999999886
420,4,16,-0.1165771484375,0.0421142578125,0.7159488732031147,0.24664509999999495
421,4,17,-0.1165771484375,0.0421142578125,0.7159488732031147,0.21469559999999888
422,4,18,-0.1165771484375,0.0421142578125,0.7159488732031147,0.22524549999999977
423,4,19,-0.1165771484375,0.0421142578125,0.7159488732031147,0.22288109999999506
424,4,20,-0.1165771484375,0.0421142578125,0.7159488732031147,0.30252740000000244
425,4,21,-0.1165771484375,0.0421142578125,0.7159488732031147,0.2474143999999967
426,4,22,-0.1165771484375,0.0421142578125,0.7159488732031147,0.3077489000000071
427,4,23,-0.1165771484375,0.0421142578125,0.7159488732031147,0.25416079999999397
428,4,24,-0.1165771484375,0.0421142578125,0.7159488732031147,0.34162049999999056
429,4,25,-0.1165771484375,0.0421142578125,0.7159488732031147,0.42573980000000233
430,4,26,-0.1165771484375,0.0421142578125,0.7159488732031147,0.24356080000001157
431,4,27,-0.1165771484375,0.0421142578125,0.7159488732031147,0.1830673000000047
432,4,28,-0.1165771484375,0.0421142578125,0.7159488732031147,0.18741149999999607
433,4,29,-0.1165771484375,0.0421142578125,0.7159488732031147,0.1909669000000065
434,4,30,-0.1165771484375,0.0421142578125,0.7159488732031147,0.30842309999999884
435,4,31,-0.1165771484375,0.0421142578125,0.7159488732031147,0.3611769000000038
436,4,32,-0.1165771484375,0.0421142578125,0.7159488732031147,0.24738200000000177
437,4,33,-0.1165771484375,0.0421142578125,0.7159488732031147,0.33718349999999475
438,4,34,-0.1165771484375,0.0421142578125,0.7159488732031147,0.29582750000000146
439,4,35,-0.1165771484375,0.0421142578125,0.7159488732031147,0.32730990000000304
440,4,36,-0.1165771484375,0.0421142578125,0.7159488732031147,0.3639025000000089
441,4,37,-0.1165771484375,0.0421142578125,0.7159488732031147,0.21829920000000413
442,4,38,-0.1165771484375,0.0421142578125,0.7159488732031147,0.18415099999998574
443,4,39,-0.1165771484375,0.0421142578125,0.7159488732031147,0.2289796000000024
444,4,40,-0.1165771484375,0.0421142578125,0.7159488732031147,0.3222190999999839
445,4,41,-0.1165771484375,0.0421142578125,0.7159488732031147,0.3801210000000026
446,4,42,-0.1165771484375,0.0421142578125,0.7159488732031147,0.3016877999999963
447,4,43,-0.1165771484375,0.0421142578125,0.7159488732031147,0.38839579999998364
448,4,44,-0.1165771484375,0.0421142578125,0.7159488732031147,0.18441210000000297
449,4,45,-0.1165771484375,0.0421142578125,0.7159488732031147,0.21010560000001988
450,4,46,-0.1165771484375,0.0421142578125,0.7159488732031147,0.2532595999999785
451,4,47,-0.1165771484375,0.0421142578125,0.7159488732031147,0.18879440000000614
452,4,48,-0.1165771484375,0.0421142578125,0.7159488732031147,0.18555909999997766
453,4,49,-0.1165771484375,0.0421142578125,0.7159488732031147,0.20367840000000115
454,4,50,-0.1165771484375,0.0421142578125,0.7159488732031147,0.2066178999999977
455,4,51,-0.1165771484375,0.0421142578125,0.7159488732031147,0.23729929999998944
456,4,52,-0.1165771484375,0.0421142578125,0.7159488732031147,0.19424780000002784
457,4,53,-0.1165771484375,0.0421142578125,0.7159488732031147,0.21636159999999904
458,4,54,-0.1165771484375,0.0421142578125,0.7159488732031147,0.2685716999999954
459,4,55,-0.1165771484375,0.0421142578125,0.7159488732031147,0.18662480000000414
460,4,56,-0.1165771484375,0.0421142578125,0.7159488732031147,0.3488662999999974
461,4,57,-0.1165771484375,0.0421142578125,0.7159488732031147,0.3998376000000121
462,4,58,-0.1165771484375,0.0421142578125,0.7159488732031147,0.34884909999999536
463,4,59,-0.1165771484375,0.0421142578125,0.7159488732031147,0.3502254999999934
464,4,60,-0.1165771484375,0.0421142578125,0.7159488732031147,0.2990470999999957
465,4,61,-0.1165771484375,0.0421142578125,0.7159488732031147,0.6117279999999994
466,4,62,-0.1165771484375,0.0421142578125,0.7159488732031147,0.3930992000000231
467,4,63,-0.1165771484375,0.0421142578125,0.7159488732031147,0.2655553000000168
468,4,64,-0.1165771484375,0.0421142578125,0.7159488732031147,0.28854259999999954
469,4,65,-0.1165771484375,0.0421142578125,0.7159488732031147,0.2908294000000069
470,4,66,-0.1165771484375,0.0421142578125,0.7159488732031147,0.3499887000000115
471,4,67,-0.1165771484375,0.0421142578125,0.7159488732031147,0.24353329999999573
472,4,68,-0.1165771484375,0.0421142578125,0.7159488732031147,0.2713950000000125
473,4,69,-0.1165771484375,0.0421142578125,0.7159488732031147,0.24633719999999926
474,4,70,-0.1165771484375,0.0421142578125,0.7159488732031147,0.21582670000000803
475,4,71,-0.1165771484375,0.0421142578125,0.7159488732031147,0.41742229999999836
476,4,72,-0.1165771484375,0.0421142578125,0.7159488732031147,0.37636770000000297
477,4,73,-0.1165771484375,0.0421142578125,0.7159488732031147,0.35229309999999714
478,4,74,-0.1165771484375,0.0421142578125,0.7159488732031147,0.19506329999998684
479,4,75,-0.1165771484375,0.0421142578125,0.7159488732031147,0.33266219999998725
480,4,76,-0.1165771484375,0.0421142578125,0.7159488732031147,0.48803190000000995
481,4,77,-0.1165771484375,0.0421142578125,0.7159488732031147,0.34925130000002014
482,4,78,-0.1165771484375,0.0421142578125,0.7159488732031147,0.3077707999999859
483,4,79,-0.1165771484375,0.0421142578125,0.7159488732031147,0.24383549999998877
484,4,80,-0.1165771484375,0.0421142578125,0.7159488732031147,0.32379709999997885
485,4,81,-0.1165771484375,0.0421142578125,0.7159488732031147,0.6139113000000123
486,4,82,-0.1165771484375,0.0421142578125,0.7159488732031147,0.300450799999993
487,4,83,-0.1165771484375,0.0421142578125,0.7159488732031147,0.24448350000000119
488,4,84,-0.1165771484375,0.0421142578125,0.7159488732031147,0.1962699999999984
489,4,85,-0.1165771484375,0.0421142578125,0.7159488732031147,0.3770333000000221
490,4,86,-0.1165771484375,0.0421142578125,0.7159488732031147,0.3327793999999926
491,4,87,-0.1165771484375,0.0421142578125,0.7159488732031147,0.18724509999998418
492,4,88,-0.1165771484375,0.0421142578125,0.7159488732031147,0.25489619999999036
493,4,89,-0.1165771484375,0.0421142578125,0.7159488732031147,0.5396852000000081
494,4,90,-0.1165771484375,0.0421142578125,0.7159488732031147,0.37361490000000686
495,4,91,-0.1165771484375,0.0421142578125,0.7159488732031147,0.19649339999998006
496,4,92,-0.1165771484375,0.0421142578125,0.7159488732031147,0.3822255000000041
497,4,93,-0.1165771484375,0.0421142578125,0.7159488732031147,0.36252269999999953
498,4,94,-0.1165771484375,0.0421142578125,0.7159488732031147,0.546880399999992
499,4,95,-0.1165771484375,0.0421142578125,0.7159488732031147,0.3425739000000192
500,4,96,-0.1165771484375,0.0421142578125,0.7159488732031147,0.2525248999999974
501,4,97,-0.1165771484375,0.0421142578125,0.7159488732031147,0.22783289999998146
502,4,98,-0.1165771484375,0.0421142578125,0.7159488732031147,0.4181519999999921
503,4,99,-0.1165771484375,0.0421142578125,0.7159488732031147,0.25242320000000973
504,4,100,-0.1165771484375,0.0421142578125,0.7159488732031147,0.4483246000000065
505,5,0,-0.17059326171875,0.5267333984375,3.4486473816620173,0.38751239999999143
506,5,1,-0.17059326171875,0.5267333984375,3.4486473816620173,0.2881774999999891
507,5,2,-0.1220703125,0.27496337890625,2.225701783661592,0.2153521999999839
508,5,3,-0.1220703125,0.27496337890625,2.225701783661592,0.2454033999999865
509,5,4,-0.1220703125,0.27496337890625,2.225701783661592,0.4679334999999867
510,5,5,-0.1220703125,0.27496337890625,2.225701783661592,0.2624680000000126
511,5,6,-0.1220703125,0.27496337890625,2.225701783661592,0.2915839000000062
512,5,7,-0.1220703125,0.27496337890625,2.225701783661592,0.23700290000002155
513,5,8,-0.1220703125,0.27496337890625,2.225701783661592,0.372951200000017
514,5,9,-0.1220703125,0.27496337890625,2.225701783661592,0.2559377999999981
515,5,10,-0.1220703125,0.27496337890625,2.225701783661592,0.41420049999999264
516,5,11,-0.1220703125,0.27496337890625,2.225701783661592,0.4263071000000025
517,5,12,-0.1220703125,0.27496337890625,2.225701783661592,0.24116669999997953
518,5,13,-0.1220703125,0.27496337890625,2.225701783661592,0.3408367000000112
519,5,14,-0.1220703125,0.27496337890625,2.225701783661592,0.27926049999999236
520,5,15,-0.1220703125,0.27496337890625,2.225701783661592,0.5344401000000119
521,5,16,-0.1220703125,0.27496337890625,2.225701783661592,0.26653710000002206
522,5,17,-0.1220703125,0.27496337890625,2.225701783661592,0.2404444999999953
523,5,18,-0.1220703125,0.27496337890625,2.225701783661592,0.2933563999999933
524,5,19,-0.1220703125,0.27496337890625,2.225701783661592,0.370465299999978
525,5,20,-0.1220703125,0.27496337890625,2.225701783661592,0.45517229999998676
526,5,21,-0.1220703125,0.27496337890625,2.225701783661592,0.21896459999999252
527,5,22,-0.1220703125,0.27496337890625,2.225701783661592,0.30781780000000936
528,5,23,-0.1220703125,0.27496337890625,2.225701783661592,0.23279670000002284
529,5,24,-0.1220703125,0.27496337890625,2.225701783661592,0.1840242000000103
530,5,25,-0.1220703125,0.27496337890625,2.225701783661592,0.19020990000001348
531,5,26,-0.1220703125,0.27496337890625,2.225701783661592,0.2298268000000121
532,5,27,-0.1220703125,0.27496337890625,2.225701783661592,0.2583879999999965
533,5,28,-0.1220703125,0.27496337890625,2.225701783661592,0.2143608999999742
534,5,29,-0.1220703125,0.27496337890625,2.225701783661592,0.4000992999999937
535,5,30,-0.1220703125,0.27496337890625,2.225701783661592,0.34605039999999576
536,5,31,-0.1220703125,0.27496337890625,2.225701783661592,0.3014243999999735
537,5,32,-0.1220703125,0.27496337890625,2.225701783661592,0.20367859999998927
538,5,33,-0.1220703125,0.27496337890625,2.225701783661592,0.34609640000002173
539,5,34,-0.1220703125,0.27496337890625,2.225701783661592,0.312079400000016
540,5,35,-0.1220703125,0.27496337890625,2.225701783661592,0.42344970000002036
541,5,36,-0.1220703125,0.27496337890625,2.225701783661592,0.34507039999999733
542,5,37,-0.1220703125,0.27496337890625,2.225701783661592,0.3432895999999914
543,5,38,-0.1220703125,0.27496337890625,2.225701783661592,0.38344739999999433
544,5,39,-0.1220703125,0.27496337890625,2.225701783661592,0.33172799999999825
545,5,40,-0.1531982421875,0.1751708984375,1.6967802379014647,0.3168876999999952
546,5,41,-0.1531982421875,0.1751708984375,1.6967802379014647,0.20444349999999645
547,5,42,-0.1531982421875,0.1751708984375,1.6967802379014647,0.21469329999999331
548,5,43,-0.1531982421875,0.1751708984375,1.6967802379014647,0.24472959999999944
549,5,44,-0.1531982421875,0.1751708984375,1.6967802379014647,0.24570500000001516
550,5,45,-0.1531982421875,0.1751708984375,1.6967802379014647,0.18215299999999957
551,5,46,-0.1531982421875,0.1751708984375,1.6967802379014647,0.30264689999998495
552,5,47,-0.1531982421875,0.1751708984375,1.6967802379014647,0.19145869999999832
553,5,48,-0.1531982421875,0.1751708984375,1.6967802379014647,0.21004210000000967
554,5,49,0.013427734375,0.00213623046875,0.043372349033394375,0.3246821999999838
555,5,50,0.013427734375,0.00213623046875,0.043372349033394375,0.3024447999999893
556,5,51,0.013427734375,0.00213623046875,0.043372349033394375,0.2443715999999938
557,5,52,0.013427734375,0.00213623046875,0.043372349033394375,0.2639833000000067
558,5,53,0.013427734375,0.00213623046875,0.043372349033394375,0.21116469999998344
559,5,54,0.013427734375,0.00213623046875,0.043372349033394375,0.2858846999999969
560,5,55,0.013427734375,0.00213623046875,0.043372349033394375,0.3472010000000125
561,5,56,0.013427734375,0.00213623046875,0.043372349033394375,0.32058710000001156
562,5,57,0.013427734375,0.00213623046875,0.043372349033394375,0.20079609999999093
563,5,58,0.013427734375,0.00213623046875,0.043372349033394375,0.2885599999999897
564,5,59,0.013427734375,0.00213623046875,0.043372349033394375,0.18634720000000016
565,5,60,0.013427734375,0.00213623046875,0.043372349033394375,0.18513880000000427
566,5,61,0.013427734375,0.00213623046875,0.043372349033394375,0.18730229999999892
567,5,62,0.013427734375,0.00213623046875,0.043372349033394375,0.36278649999999857
568,5,63,0.013427734375,0.00213623046875,0.043372349033394375,0.29329590000000394
569,5,64,0.013427734375,0.00213623046875,0.043372349033394375,0.31714070000001016
570,5,65,0.013427734375,0.00213623046875,0.043372349033394375,0.4342075000000136
571,5,66,0.013427734375,0.00213623046875,0.043372349033394375,0.23824059999998326
572,5,67,0.013427734375,0.00213623046875,0.043372349033394375,0.19626300000001606
573,5,68,0.013427734375,0.00213623046875,0.043372349033394375,0.33120090000002733
574,5,69,0.013427734375,0.00213623046875,0.043372349033394375,0.20891789999998878
575,5,70,0.013427734375,0.00213623046875,0.043372349033394375,0.2822926000000052
576,5,71,0.013427734375,0.00213623046875,0.043372349033394375,0.21283329999999978
577,5,72,0.013427734375,0.00213623046875,0.043372349033394375,0.22522180000001413
578,5,73,0.013427734375,0.00213623046875,0.043372349033394375,0.18728600000000029
579,5,74,0.013427734375,0.00213623046875,0.043372349033394375,0.379796099999993
580,5,75,0.013427734375,0.00213623046875,0.043372349033394375,0.22384869999999069
581,5,76,0.013427734375,0.00213623046875,0.043372349033394375,0.38332839999998214
582,5,77,0.013427734375,0.00213623046875,0.043372349033394375,0.1956485999999984
583,5,78,0.013427734375,0.00213623046875,0.043372349033394375,0.4211470999999847
584,5,79,0.013427734375,0.00213623046875,0.043372349033394375,0.3111639999999909
585,5,80,0.013427734375,0.00213623046875,0.043372349033394375,0.18649769999998966
586,5,81,0.013427734375,0.00213623046875,0.043372349033394375,0.2059934000000112
587,5,82,0.013427734375,0.00213623046875,0.043372349033394375,0.4302229999999838
588,5,83,0.013427734375,0.00213623046875,0.043372349033394375,0.4260528000000079
589,5,84,0.013427734375,0.00213623046875,0.043372349033394375,0.312458399999997
590,5,85,0.013427734375,0.00213623046875,0.043372349033394375,0.2466071999999997
591,5,86,0.013427734375,0.00213623046875,0.043372349033394375,0.33345679999999334
592,5,87,0.013427734375,0.00213623046875,0.043372349033394375,0.5397464000000127
593,5,88,0.013427734375,0.00213623046875,0.043372349033394375,0.3666450999999995
594,5,89,0.013427734375,0.00213623046875,0.043372349033394375,0.21938209999999003
595,5,90,0.013427734375,0.00213623046875,0.043372349033394375,0.28191759999998567
596,5,91,0.013427734375,0.00213623046875,0.043372349033394375,0.24758550000001378
597,5,92,0.013427734375,0.00213623046875,0.043372349033394375,0.4308958999999959
598,5,93,0.013427734375,0.00213623046875,0.043372349033394375,0.2980538999999851
599,5,94,0.013427734375,0.00213623046875,0.043372349033394375,0.2753409999999974
600,5,95,0.013427734375,0.00213623046875,0.043372349033394375,0.27347819999999956
601,5,96,0.013427734375,0.00213623046875,0.043372349033394375,0.24574900000001776
602,5,97,0.013427734375,0.00213623046875,0.043372349033394375,0.2827534000000185
603,5,98,0.013427734375,0.00213623046875,0.043372349033394375,0.31120690000000195
604,5,99,0.013427734375,0.00213623046875,0.043372349033394375,0.25886890000001017
605,5,100,0.013427734375,0.00213623046875,0.043372349033394375,0.2682085999999799
606,6,0,0.15594482421875,0.05767822265625,1.074305567054616,0.2830310999999881
607,6,1,0.15594482421875,0.05767822265625,1.074305567054616,0.23576169999998342
608,6,2,0.15594482421875,0.05767822265625,1.074305567054616,0.24629939999999806
609,6,3,0.15594482421875,0.05767822265625,1.074305567054616,0.19269950000000335
610,6,4,0.15594482421875,0.05767822265625,1.074305567054616,0.21563639999999396
611,6,5,0.15594482421875,0.05767822265625,1.074305567054616,0.41069379999999
612,6,6,0.15594482421875,0.05767822265625,1.074305567054616,0.20648449999998775
613,6,7,0.15594482421875,0.05767822265625,1.074305567054616,0.2602553000000114
614,6,8,0.15594482421875,0.05767822265625,1.074305567054616,0.24384580000000255
615,6,9,0.15594482421875,0.05767822265625,1.074305567054616,0.20761729999998124
616,6,10,0.15594482421875,0.05767822265625,1.074305567054616,0.2312703000000056
617,6,11,0.15594482421875,0.05767822265625,1.074305567054616,0.2661991999999884
618,6,12,0.15594482421875,0.05767822265625,1.074305567054616,0.34792609999999513
619,6,13,0.15594482421875,0.05767822265625,1.074305567054616,0.20124919999997815
620,6,14,0.15594482421875,0.05767822265625,1.074305567054616,0.18376559999998676
621,6,15,0.15594482421875,0.05767822265625,1.074305567054616,0.3914099000000135
622,6,16,0.15594482421875,0.05767822265625,1.074305567054616,0.2077581000000066
623,6,17,0.15594482421875,0.05767822265625,1.074305567054616,0.21770480000000703
624,6,18,0.15594482421875,0.05767822265625,1.074305567054616,0.2041104000000189
625,6,19,0.15594482421875,0.05767822265625,1.074305567054616,0.27484649999999533
626,6,20,0.15594482421875,0.05767822265625,1.074305567054616,0.22754139999997847
627,6,21,0.15594482421875,0.05767822265625,1.074305567054616,0.24249679999999785
628,6,22,0.15594482421875,0.05767822265625,1.074305567054616,0.21461700000000405
629,6,23,0.15594482421875,0.05767822265625,1.074305567054616,0.18925559999999564
630,6,24,0.15594482421875,0.05767822265625,1.074305567054616,0.21363320000000385
631,6,25,0.15594482421875,0.05767822265625,1.074305567054616,0.2942515999999955
632,6,26,0.15594482421875,0.05767822265625,1.074305567054616,0.20576699999998027
633,6,27,0.15594482421875,0.05767822265625,1.074305567054616,0.2030879000000141
634,6,28,0.15594482421875,0.05767822265625,1.074305567054616,0.2509253000000058
635,6,29,0.15594482421875,0.05767822265625,1.074305567054616,0.2502309000000196
636,6,30,0.15594482421875,0.05767822265625,1.074305567054616,0.1983088000000066
637,6,31,0.15594482421875,0.05767822265625,1.074305567054616,0.2511169999999936
638,6,32,0.15594482421875,0.05767822265625,1.074305567054616,0.2283241000000089
639,6,33,0.15594482421875,0.05767822265625,1.074305567054616,0.20025870000000623
640,6,34,0.15594482421875,0.05767822265625,1.074305567054616,0.3040021999999851
641,6,35,0.15594482421875,0.05767822265625,1.074305567054616,0.2553120999999976
642,6,36,0.15594482421875,0.05767822265625,1.074305567054616,0.2242014999999924
643,6,37,0.15594482421875,0.05767822265625,1.074305567054616,0.23762960000001954
644,6,38,0.15594482421875,0.05767822265625,1.074305567054616,0.25793559999999616
645,6,39,0.15594482421875,0.05767822265625,1.074305567054616,0.19594739999999433
646,6,40,0.15594482421875,0.05767822265625,1.074305567054616,0.20358369999999582
647,6,41,0.15594482421875,0.05767822265625,1.074305567054616,0.22893129999999928
648,6,42,0.15594482421875,0.05767822265625,1.074305567054616,0.4484196999999881
649,6,43,0.15594482421875,0.05767822265625,1.074305567054616,0.2591850999999963
650,6,44,0.15594482421875,0.05767822265625,1.074305567054616,0.2026612999999884
651,6,45,0.15594482421875,0.05767822265625,1.074305567054616,0.23162890000000402
652,6,46,0.15594482421875,0.05767822265625,1.074305567054616,0.2671482000000083
653,6,47,0.15594482421875,0.05767822265625,1.074305567054616,0.3453053000000068
654,6,48,0.15594482421875,0.05767822265625,1.074305567054616,0.30895620000001145
655,6,49,0.15594482421875,0.05767822265625,1.074305567054616,0.20823649999999816
656,6,50,0.15594482421875,0.05767822265625,1.074305567054616,0.5051102000000185
657,6,51,0.15594482421875,0.05767822265625,1.074305567054616,0.26748949999998217
658,6,52,0.15594482421875,0.05767822265625,1.074305567054616,0.3824730000000045
659,6,53,0.15594482421875,0.05767822265625,1.074305567054616,0.32274359999999547
660,6,54,0.15594482421875,0.05767822265625,1.074305567054616,0.24421950000001402
661,6,55,0.15594482421875,0.05767822265625,1.074305567054616,0.31557820000000447
662,6,56,0.15594482421875,0.05767822265625,1.074305567054616,0.206273699999997
663,6,57,0.15594482421875,0.05767822265625,1.074305567054616,0.19828529999998068
664,6,58,0.15594482421875,0.05767822265625,1.074305567054616,0.3254206999999951
665,6,59,0.15594482421875,0.05767822265625,1.074305567054616,0.1913319999999885
666,6,60,0.15594482421875,0.05767822265625,1.074305567054616,0.29473260000000323
667,6,61,0.15594482421875,0.05767822265625,1.074305567054616,0.3664823999999953
668,6,62,0.05126953125,-0.11199951171875,0.7111034573056121,0.2757641000000035
669,6,63,0.05126953125,-0.11199951171875,0.7111034573056121,0.2074671999999964
670,6,64,0.05126953125,-0.11199951171875,0.7111034573056121,0.28350400000002196
671,6,65,0.05126953125,-0.11199951171875,0.7111034573056121,0.1838978000000111
672,6,66,0.05126953125,-0.11199951171875,0.7111034573056121,0.1851884999999811
673,6,67,0.05126953125,-0.11199951171875,0.7111034573056121,0.535070300000001
674,6,68,0.05126953125,-0.11199951171875,0.7111034573056121,0.26344809999997665
675,6,69,0.05126953125,-0.11199951171875,0.7111034573056121,0.3546666000000016
676,6,70,0.05126953125,-0.11199951171875,0.7111034573056121,0.3717479000000026
677,6,71,0.05126953125,-0.11199951171875,0.7111034573056121,0.23979789999998502
678,6,72,0.05126953125,-0.11199951171875,0.7111034573056121,0.20364740000002257
679,6,73,0.05126953125,-0.11199951171875,0.7111034573056121,0.4478756999999973
680,6,74,0.05126953125,-0.11199951171875,0.7111034573056121,0.33132029999998736
681,6,75,0.05126953125,-0.11199951171875,0.7111034573056121,0.40230070000001206
682,6,76,0.05126953125,-0.11199951171875,0.7111034573056121,0.25280469999998445
683,6,77,0.05126953125,-0.11199951171875,0.7111034573056121,0.21837409999997703
684,6,78,0.05126953125,-0.11199951171875,0.7111034573056121,0.22876970000001506
685,6,79,0.05126953125,-0.11199951171875,0.7111034573056121,0.21309930000001032
686,6,80,0.05126953125,-0.11199951171875,0.7111034573056121,0.40514590000000794
687,6,81,0.05126953125,-0.11199951171875,0.7111034573056121,0.2651523000000111
688,6,82,0.05126953125,-0.11199951171875,0.7111034573056121,0.26088390000001027
689,6,83,0.05126953125,-0.11199951171875,0.7111034573056121,0.19524169999999685
690,6,84,0.05126953125,-0.11199951171875,0.7111034573056121,0.3399560000000008
691,6,85,0.05126953125,-0.11199951171875,0.7111034573056121,0.24665279999999257
692,6,86,0.05126953125,-0.11199951171875,0.7111034573056121,0.2641516999999851
693,6,87,0.05126953125,-0.11199951171875,0.7111034573056121,0.18781580000000986
694,6,88,0.05126953125,-0.11199951171875,0.7111034573056121,0.2137918999999897
695,6,89,0.05126953125,-0.11199951171875,0.7111034573056121,0.2471002999999996
696,6,90,0.05126953125,-0.11199951171875,0.7111034573056121,0.30981939999998076
697,6,91,0.05126953125,-0.11199951171875,0.7111034573056121,0.2070559000000003
698,6,92,0.05126953125,-0.11199951171875,0.7111034573056121,0.18651570000000106
699,6,93,0.05126953125,-0.11199951171875,0.7111034573056121,0.4334173999999962
700,6,94,0.05126953125,-0.11199951171875,0.7111034573056121,0.44384999999999764
701,6,95,0.05126953125,-0.11199951171875,0.7111034573056121,0.2586354999999969
702,6,96,0.05126953125,-0.11199951171875,0.7111034573056121,0.2790066999999965
703,6,97,0.05126953125,-0.11199951171875,0.7111034573056121,0.46250080000001503
704,6,98,0.05126953125,-0.11199951171875,0.7111034573056121,0.3623609999999928
705,6,99,0.05126953125,-0.11199951171875,0.7111034573056121,0.21929539999999292
706,6,100,0.05126953125,-0.11199951171875,0.7111034573056121,0.2019732999999917
707,7,0,-0.99853515625,-1.14715576171875,4.360909011880036,0.22045539999999164
708,7,1,-0.99853515625,-1.14715576171875,4.360909011880036,0.24656629999998358
709,7,2,-0.99853515625,-1.14715576171875,4.360909011880036,0.20016720000000987
710,7,3,0.045166015625,-0.35064697265625,2.491090991425978,0.33553960000000416
711,7,4,0.045166015625,-0.35064697265625,2.491090991425978,0.19280920000002766
712,7,5,0.045166015625,-0.35064697265625,2.491090991425978,0.2643702000000019
713,7,6,0.045166015625,-0.35064697265625,2.491090991425978,0.31561300000001324
714,7,7,0.045166015625,-0.35064697265625,2.491090991425978,0.3032479999999964
715,7,8,0.045166015625,-0.35064697265625,2.491090991425978,0.3493660000000034
716,7,9,0.045166015625,-0.35064697265625,2.491090991425978,0.4942724999999939
717,7,10,0.045166015625,-0.35064697265625,2.491090991425978,0.28383430000002363
718,7,11,0.045166015625,-0.35064697265625,2.491090991425978,0.2549627000000214
719,7,12,0.045166015625,-0.35064697265625,2.491090991425978,0.23255620000000476
720,7,13,0.045166015625,-0.35064697265625,2.491090991425978,0.3159433000000149
721,7,14,0.045166015625,-0.35064697265625,2.491090991425978,0.3765472000000045
722,7,15,0.045166015625,-0.35064697265625,2.491090991425978,0.4984053000000017
723,7,16,0.045166015625,-0.35064697265625,2.491090991425978,0.37414560000001984
724,7,17,0.045166015625,-0.35064697265625,2.491090991425978,0.2217145000000187
725,7,18,0.045166015625,-0.35064697265625,2.491090991425978,0.19808259999999223
726,7,19,0.045166015625,-0.35064697265625,2.491090991425978,0.21638800000002334
727,7,20,0.045166015625,-0.35064697265625,2.491090991425978,0.3136470000000031
728,7,21,0.045166015625,-0.35064697265625,2.491090991425978,0.3438652000000104
729,7,22,0.045166015625,-0.35064697265625,2.491090991425978,0.3200582000000054
730,7,23,0.045166015625,-0.35064697265625,2.491090991425978,0.26474269999999933
731,7,24,0.045166015625,-0.35064697265625,2.491090991425978,0.18963809999999626
732,7,25,0.045166015625,-0.35064697265625,2.491090991425978,0.45003949999997417
733,7,26,0.045166015625,-0.35064697265625,2.491090991425978,0.28656939999999054
734,7,27,0.045166015625,-0.35064697265625,2.491090991425978,0.3297347999999829
735,7,28,0.045166015625,-0.35064697265625,2.491090991425978,0.2688937000000067
736,7,29,0.045166015625,-0.35064697265625,2.491090991425978,0.41290259999999535
737,7,30,0.045166015625,-0.35064697265625,2.491090991425978,0.3802643999999873
738,7,31,0.045166015625,-0.35064697265625,2.491090991425978,0.22249460000000454
739,7,32,0.045166015625,-0.35064697265625,2.491090991425978,0.22273389999998017
740,7,33,0.045166015625,-0.35064697265625,2.491090991425978,0.18431280000001493
741,7,34,0.045166015625,-0.35064697265625,2.491090991425978,0.2846947999999827
742,7,35,0.045166015625,-0.35064697265625,2.491090991425978,0.3362505999999996
743,7,36,0.045166015625,-0.35064697265625,2.491090991425978,0.24260119999999574
744,7,37,0.045166015625,-0.35064697265625,2.491090991425978,0.26525060000000167
745,7,38,0.045166015625,-0.35064697265625,2.491090991425978,0.28812039999999683
746,7,39,0.045166015625,-0.35064697265625,2.491090991425978,0.3523428000000024
747,7,40,0.045166015625,-0.35064697265625,2.491090991425978,0.27381520000000137
748,7,41,0.045166015625,-0.35064697265625,2.491090991425978,0.20575080000000412
749,7,42,0.045166015625,-0.35064697265625,2.491090991425978,0.22135240000000067
750,7,43,0.045166015625,-0.35064697265625,2.491090991425978,0.24696640000001935
751,7,44,0.045166015625,-0.35064697265625,2.491090991425978,0.21496059999998351
752,7,45,0.045166015625,-0.35064697265625,2.491090991425978,0.18196040000000835
753,7,46,0.045166015625,-0.35064697265625,2.491090991425978,0.2484393999999952
754,7,47,0.045166015625,-0.35064697265625,2.491090991425978,0.2521938000000148
755,7,48,-0.15289306640625,0.2838134765625,2.411138448272759,0.2409044999999992
756,7,49,-0.15289306640625,0.2838134765625,2.411138448272759,0.25405709999998294
757,7,50,-0.15289306640625,0.2838134765625,2.411138448272759,0.30961229999999773
758,7,51,-0.15289306640625,0.2838134765625,2.411138448272759,0.2557322000000113
759,7,52,-0.186767578125,0.2020263671875,2.0738937879336956,0.2333562000000029
760,7,53,-0.186767578125,0.2020263671875,2.0738937879336956,0.19271500000002106
761,7,54,-0.186767578125,0.2020263671875,2.0738937879336956,0.20738959999999906
762,7,55,-0.186767578125,0.2020263671875,2.0738937879336956,0.2418768
763,7,56,-0.186767578125,0.2020263671875,2.0738937879336956,0.30610610000002225
764,7,57,-0.186767578125,0.2020263671875,2.0738937879336956,0.19878389999999513
765,7,58,-0.186767578125,0.2020263671875,2.0738937879336956,0.29563550000000305
766,7,59,-0.186767578125,0.2020263671875,2.0738937879336956,0.22665010000000052
767,7,60,-0.186767578125,0.2020263671875,2.0738937879336956,0.3019819999999811
768,7,61,-0.186767578125,0.2020263671875,2.0738937879336956,0.31840729999998985
769,7,62,-0.186767578125,0.2020263671875,2.0738937879336956,0.2699566999999945
770,7,63,-0.186767578125,0.2020263671875,2.0738937879336956,0.23173169999998322
771,7,64,-0.186767578125,0.2020263671875,2.0738937879336956,0.18300669999999286
772,7,65,-0.186767578125,0.2020263671875,2.0738937879336956,0.414798200000007
773,7,66,-0.186767578125,0.2020263671875,2.0738937879336956,0.23649639999999295
774,7,67,-0.186767578125,0.2020263671875,2.0738937879336956,0.32225149999999303
775,7,68,-0.186767578125,0.2020263671875,2.0738937879336956,0.23118019999998296
776,7,69,-0.186767578125,0.2020263671875,2.0738937879336956,0.26532260000001884
777,7,70,-0.186767578125,0.2020263671875,2.0738937879336956,0.26082880000001296
778,7,71,-0.186767578125,0.2020263671875,2.0738937879336956,0.25319159999997964
779,7,72,-0.186767578125,0.2020263671875,2.0738937879336956,0.3988319000000047
780,7,73,-0.186767578125,0.2020263671875,2.0738937879336956,0.26973660000001587
781,7,74,-0.186767578125,0.2020263671875,2.0738937879336956,0.25120300000000384
782,7,75,-0.186767578125,0.2020263671875,2.0738937879336956,0.3346973000000162
783,7,76,-0.186767578125,0.2020263671875,2.0738937879336956,0.20412449999997762
784,7,77,-0.186767578125,0.2020263671875,2.0738937879336956,0.19220740000000092
785,7,78,-0.186767578125,0.2020263671875,2.0738937879336956,0.27584849999999506
786,7,79,-0.04119873046875,-0.09765625,0.575502770752824,0.25224929999998835
787,7,80,-0.04119873046875,-0.09765625,0.575502770752824,0.22651120000000446
788,7,81,-0.04119873046875,-0.09765625,0.575502770752824,0.2808311999999944
789,7,82,-0.04119873046875,-0.09765625,0.575502770752824,0.2387121999999806
790,7,83,-0.04119873046875,-0.09765625,0.575502770752824,0.21588259999998627
791,7,84,-0.04119873046875,-0.09765625,0.575502770752824,0.2007549999999867
792,7,85,-0.04119873046875,-0.09765625,0.575502770752824,0.18673169999999573
793,7,86,-0.04119873046875,-0.09765625,0.575502770752824,0.3298111000000006
794,7,87,-0.04119873046875,-0.09765625,0.575502770752824,0.4106519999999989
795,7,88,-0.025634765625,-0.10223388671875,0.569607096197839,0.25569140000001767
796,7,89,-0.025634765625,-0.10223388671875,0.569607096197839,0.29800050000000056
797,7,90,-0.025634765625,-0.10223388671875,0.569607096197839,0.22552870000001235
798,7,91,-0.025634765625,-0.10223388671875,0.569607096197839,0.24983890000001452
799,7,92,-0.025634765625,-0.10223388671875,0.569607096197839,0.37342649999999367
800,7,93,-0.025634765625,-0.10223388671875,0.569607096197839,0.44865619999998785
801,7,94,-0.025634765625,-0.10223388671875,0.569607096197839,0.43558329999999046
802,7,95,-0.025634765625,-0.10223388671875,0.569607096197839,0.2483925999999883
803,7,96,-0.025634765625,-0.10223388671875,0.569607096197839,0.2837748999999974
804,7,97,-0.025634765625,-0.10223388671875,0.569607096197839,0.2478207999999995
805,7,98,-0.025634765625,-0.10223388671875,0.569607096197839,0.22134320000000685
806,7,99,-0.025634765625,-0.10223388671875,0.569607096197839,0.2066699000000085
807,7,100,-0.025634765625,-0.10223388671875,0.569607096197839,0.25286420000000476
808,8,0,0.25177001953125,-0.89752197265625,3.7050708091719575,0.2541737000000239
809,8,1,0.25177001953125,-0.89752197265625,3.7050708091719575,0.18797599999999193
810,8,2,-0.22613525390625,-0.185546875,2.216580223267045,0.3111193999999955
811,8,3,-0.22613525390625,-0.185546875,2.216580223267045,0.19608149999999114
812,8,4,-0.22613525390625,-0.185546875,2.216580223267045,0.19013519999998607
813,8,5,-0.22613525390625,-0.185546875,2.216580223267045,0.4845605000000148
814,8,6,-0.22613525390625,-0.185546875,2.216580223267045,0.28086580000001504
815,8,7,-0.22613525390625,-0.185546875,2.216580223267045,0.31126900000001
816,8,8,-0.22613525390625,-0.185546875,2.216580223267045,0.29713160000000016
817,8,9,-0.22613525390625,-0.185546875,2.216580223267045,0.26322110000000976
818,8,10,-0.22613525390625,-0.185546875,2.216580223267045,0.2874174000000096
819,8,11,-0.22613525390625,-0.185546875,2.216580223267045,0.18217350000000465
820,8,12,-0.22613525390625,-0.185546875,2.216580223267045,0.2988561999999888
821,8,13,0.09368896484375,-0.01861572265625,0.4962838028899452,0.3016645000000153
822,8,14,0.09368896484375,-0.01861572265625,0.4962838028899452,0.3026217000000031
823,8,15,0.09368896484375,-0.01861572265625,0.4962838028899452,0.22677120000000173
824,8,16,0.09368896484375,-0.01861572265625,0.4962838028899452,0.18302620000000047
825,8,17,0.09368896484375,-0.01861572265625,0.4962838028899452,0.18495980000000145
826,8,18,0.09368896484375,-0.01861572265625,0.4962838028899452,0.22924879999999348
827,8,19,0.09368896484375,-0.01861572265625,0.4962838028899452,0.27618649999999434
828,8,20,0.09368896484375,-0.01861572265625,0.4962838028899452,0.20146009999999137
829,8,21,0.09368896484375,-0.01861572265625,0.4962838028899452,0.437711500000006
830,8,22,0.09368896484375,-0.01861572265625,0.4962838028899452,0.27412630000000604
831,8,23,0.09368896484375,-0.01861572265625,0.4962838028899452,0.18382919999999103
832,8,24,0.09368896484375,-0.01861572265625,0.4962838028899452,0.2210316999999975
833,8,25,0.09368896484375,-0.01861572265625,0.4962838028899452,0.22418089999999324
834,8,26,0.09368896484375,-0.01861572265625,0.4962838028899452,0.1815915999999902
835,8,27,0.09368896484375,-0.01861572265625,0.4962838028899452,0.28729139999998665
836,8,28,0.09368896484375,-0.01861572265625,0.4962838028899452,0.28716099999999756
837,8,29,0.09368896484375,-0.01861572265625,0.4962838028899452,0.20898270000000707
838,8,30,0.09368896484375,-0.01861572265625,0.4962838028899452,0.34243150000000355
839,8,31,0.09368896484375,-0.01861572265625,0.4962838028899452,0.5006534999999985
840,8,32,0.09368896484375,-0.01861572265625,0.4962838028899452,0.283003199999996
841,8,33,0.09368896484375,-0.01861572265625,0.4962838028899452,0.32764069999998924
842,8,34,0.09368896484375,-0.01861572265625,0.4962838028899452,0.23222229999998945
843,8,35,0.09368896484375,-0.01861572265625,0.4962838028899452,0.32516350000000216
844,8,36,0.09368896484375,-0.01861572265625,0.4962838028899452,0.40578060000001415
845,8,37,0.09368896484375,-0.01861572265625,0.4962838028899452,0.2981269999999938
846,8,38,0.09368896484375,-0.01861572265625,0.4962838028899452,0.21714380000000233
847,8,39,0.09368896484375,-0.01861572265625,0.4962838028899452,0.3563943999999992
848,8,40,0.09368896484375,-0.01861572265625,0.4962838028899452,0.5315644000000077
849,8,41,0.09368896484375,-0.01861572265625,0.4962838028899452,0.3512915000000021
850,8,42,0.09368896484375,-0.01861572265625,0.4962838028899452,0.24273459999997726
851,8,43,0.0738525390625,-0.03173828125,0.3914806531026831,0.29701120000001424
852,8,44,0.0738525390625,-0.03173828125,0.3914806531026831,0.19366809999999646
853,8,45,0.0738525390625,-0.03173828125,0.3914806531026831,0.4691692000000103
854,8,46,0.0738525390625,-0.03173828125,0.3914806531026831,0.35221310000000017
855,8,47,0.0738525390625,-0.03173828125,0.3914806531026831,0.42539560000000165
856,8,48,0.0738525390625,-0.03173828125,0.3914806531026831,0.23921269999999595
857,8,49,0.0738525390625,-0.03173828125,0.3914806531026831,0.24157310000001075
858,8,50,0.0738525390625,-0.03173828125,0.3914806531026831,0.2924059999999997
859,8,51,0.0738525390625,-0.03173828125,0.3914806531026831,0.2274511999999902
860,8,52,0.0738525390625,-0.03173828125,0.3914806531026831,0.2739502000000016
861,8,53,0.0738525390625,-0.03173828125,0.3914806531026831,0.4544171000000006
862,8,54,0.0738525390625,-0.03173828125,0.3914806531026831,0.3596871999999962
863,8,55,0.0738525390625,-0.03173828125,0.3914806531026831,0.27564089999998487
864,8,56,0.0738525390625,-0.03173828125,0.3914806531026831,0.23744489999998564
865,8,57,0.0738525390625,-0.03173828125,0.3914806531026831,0.2308849000000066
866,8,58,0.0738525390625,-0.03173828125,0.3914806531026831,0.23056869999999208
867,8,59,0.0738525390625,-0.03173828125,0.3914806531026831,0.22538459999998395
868,8,60,0.0738525390625,-0.03173828125,0.3914806531026831,0.20547290000001794
869,8,61,0.0738525390625,-0.03173828125,0.3914806531026831,0.2734327999999948
870,8,62,0.0738525390625,-0.03173828125,0.3914806531026831,0.28637670000000526
871,8,63,0.0738525390625,-0.03173828125,0.3914806531026831,0.3475506999999993
872,8,64,0.0738525390625,-0.03173828125,0.3914806531026831,0.18289769999998384
873,8,65,0.0738525390625,-0.03173828125,0.3914806531026831,0.18321840000001544
874,8,66,0.0738525390625,-0.03173828125,0.3914806531026831,0.2672119000000066
875,8,67,0.0738525390625,-0.03173828125,0.3914806531026831,0.2892295000000047
876,8,68,0.0738525390625,-0.03173828125,0.3914806531026831,0.24826680000001033
877,8,69,0.0738525390625,-0.03173828125,0.3914806531026831,0.33535779999999704
878,8,70,0.0738525390625,-0.03173828125,0.3914806531026831,0.1859579999999994
879,8,71,0.0738525390625,-0.03173828125,0.3914806531026831,0.1865128000000027
880,8,72,0.0738525390625,-0.03173828125,0.3914806531026831,0.29906890000000885
881,8,73,0.0738525390625,-0.03173828125,0.3914806531026831,0.2719668000000013
882,8,74,0.0738525390625,-0.03173828125,0.3914806531026831,0.21795929999998975
883,8,75,0.0738525390625,-0.03173828125,0.3914806531026831,0.1861278000000084
884,8,76,0.0738525390625,-0.03173828125,0.3914806531026831,0.25811589999997864
885,8,77,0.0738525390625,-0.03173828125,0.3914806531026831,0.18790670000001342
886,8,78,0.0738525390625,-0.03173828125,0.3914806531026831,0.3352006000000074
887,8,79,0.0738525390625,-0.03173828125,0.3914806531026831,0.3632983999999908
888,8,80,0.0738525390625,-0.03173828125,0.3914806531026831,0.2153615000000002
889,8,81,0.0738525390625,-0.03173828125,0.3914806531026831,0.23081169999997542
890,8,82,0.0738525390625,-0.03173828125,0.3914806531026831,0.18239710000000287
891,8,83,0.0738525390625,-0.03173828125,0.3914806531026831,0.3445064000000002
892,8,84,0.0738525390625,-0.03173828125,0.3914806531026831,0.2991489999999999
893,8,85,0.0738525390625,-0.03173828125,0.3914806531026831,0.2126088999999638
894,8,86,0.0738525390625,-0.03173828125,0.3914806531026831,0.2066424000000211
895,8,87,0.0738525390625,-0.03173828125,0.3914806531026831,0.18697199999996883
896,8,88,0.0738525390625,-0.03173828125,0.3914806531026831,0.23798449999998184
897,8,89,0.0738525390625,-0.03173828125,0.3914806531026831,0.3048991000000001
898,8,90,0.0738525390625,-0.03173828125,0.3914806531026831,0.25792450000000144
899,8,91,0.0738525390625,-0.03173828125,0.3914806531026831,0.4133269999999811
900,8,92,0.0738525390625,-0.03173828125,0.3914806531026831,0.24829030000000785
901,8,93,0.0738525390625,-0.03173828125,0.3914806531026831,0.2298372999999856
902,8,94,0.0738525390625,-0.03173828125,0.3914806531026831,0.2850691999999526
903,8,95,0.0738525390625,-0.03173828125,0.3914806531026831,0.2775553999999829
904,8,96,0.0738525390625,-0.03173828125,0.3914806531026831,0.25439380000000256
905,8,97,0.0738525390625,-0.03173828125,0.3914806531026831,0.1896462999999926
906,8,98,0.0738525390625,-0.03173828125,0.3914806531026831,0.2644945999999777
907,8,99,0.0738525390625,-0.03173828125,0.3914806531026831,0.24048049999998966
908,8,100,0.0738525390625,-0.03173828125,0.3914806531026831,0.21673789999999826
909,9,0,-2.84149169921875,0.965576171875,7.496515308035331,0.2085652999999752
910,9,1,0.9295654296875,-0.0439453125,2.6427287893246505,0.20890379999997322
911,9,2,0.9295654296875,-0.0439453125,2.6427287893246505,0.3925413999999705
912,9,3,0.9295654296875,-0.0439453125,2.6427287893246505,0.21881669999999076
913,9,4,0.9295654296875,-0.0439453125,2.6427287893246505,0.370766500000002
914,9,5,0.9295654296875,-0.0439453125,2.6427287893246505,0.4279933999999912
915,9,6,0.9295654296875,-0.0439453125,2.6427287893246505,0.19896499999998696
916,9,7,0.9295654296875,-0.0439453125,2.6427287893246505,0.23637590000004138
917,9,8,0.9295654296875,-0.0439453125,2.6427287893246505,0.2751063999999701
918,9,9,0.9295654296875,-0.0439453125,2.6427287893246505,0.40912720000000036
919,9,10,0.9295654296875,-0.0439453125,2.6427287893246505,0.1910886000000005
920,9,11,0.9295654296875,-0.0439453125,2.6427287893246505,0.2492902999999842
921,9,12,0.9295654296875,-0.0439453125,2.6427287893246505,0.18407400000000962
922,9,13,0.9295654296875,-0.0439453125,2.6427287893246505,0.3050290999999561
923,9,14,0.9295654296875,-0.0439453125,2.6427287893246505,0.27777560000004087
924,9,15,0.9295654296875,-0.0439453125,2.6427287893246505,0.18544520000000375
925,9,16,0.9295654296875,-0.0439453125,2.6427287893246505,0.2075072000000091
926,9,17,0.9295654296875,-0.0439453125,2.6427287893246505,0.2812330999999517
927,9,18,0.9295654296875,-0.0439453125,2.6427287893246505,0.22169270000000552
928,9,19,0.9295654296875,-0.0439453125,2.6427287893246505,0.26808970000001864
929,9,20,0.9295654296875,-0.0439453125,2.6427287893246505,0.4187033000000042
930,9,21,0.9295654296875,-0.0439453125,2.6427287893246505,0.2731658000000152
931,9,22,0.9295654296875,-0.0439453125,2.6427287893246505,0.4647941999999716
932,9,23,0.9295654296875,-0.0439453125,2.6427287893246505,0.23776070000002392
933,9,24,0.9295654296875,-0.0439453125,2.6427287893246505,0.20258649999999534
934,9,25,0.9295654296875,-0.0439453125,2.6427287893246505,0.18836380000004738
935,9,26,0.9295654296875,-0.0439453125,2.6427287893246505,0.36695610000003853
936,9,27,0.9295654296875,-0.0439453125,2.6427287893246505,0.21121110000001408
937,9,28,0.9295654296875,-0.0439453125,2.6427287893246505,0.2155711999999994
938,9,29,-0.274658203125,0.205078125,2.6005977264348172,0.2839299000000324
939,9,30,-0.274658203125,0.205078125,2.6005977264348172,0.23350759999999582
940,9,31,-0.274658203125,0.205078125,2.6005977264348172,0.18162539999997307
941,9,32,-0.274658203125,0.205078125,2.6005977264348172,0.2896932000000447
942,9,33,0.1251220703125,0.25421142578125,2.098809885618824,0.287121500000012
943,9,34,-0.029296875,-0.2581787109375,1.8464693010276112,0.1912064999999643
944,9,35,-0.029296875,-0.2581787109375,1.8464693010276112,0.20027519999996457
945,9,36,-0.029296875,-0.2581787109375,1.8464693010276112,0.23538880000000972
946,9,37,-0.029296875,-0.2581787109375,1.8464693010276112,0.35640480000000707
947,9,38,-0.029296875,-0.2581787109375,1.8464693010276112,0.2078518999999801
948,9,39,-0.029296875,-0.2581787109375,1.8464693010276112,0.23361599999998361
949,9,40,-0.029296875,-0.2581787109375,1.8464693010276112,0.27119160000000875
950,9,41,-0.029296875,-0.2581787109375,1.8464693010276112,0.21763720000001285
951,9,42,-0.029296875,-0.2581787109375,1.8464693010276112,0.3212503999999967
952,9,43,-0.029296875,-0.2581787109375,1.8464693010276112,0.33956680000000006
953,9,44,-0.029296875,-0.2581787109375,1.8464693010276112,0.269442999999967
954,9,45,-0.029296875,-0.2581787109375,1.8464693010276112,0.3583659999999895
955,9,46,-0.029296875,-0.2581787109375,1.8464693010276112,0.18151949999997896
956,9,47,-0.029296875,-0.2581787109375,1.8464693010276112,0.2663945000000467
957,9,48,-0.029296875,-0.2581787109375,1.8464693010276112,0.33715279999995573
958,9,49,-0.029296875,-0.2581787109375,1.8464693010276112,0.32916929999998956
959,9,50,-0.029296875,-0.2581787109375,1.8464693010276112,0.26010060000004387
960,9,51,-0.029296875,-0.2581787109375,1.8464693010276112,0.1893124000000057
961,9,52,-0.07781982421875,0.00030517578125,0.37358873795757264,0.18906099999998105
962,9,53,-0.07781982421875,0.00030517578125,0.37358873795757264,0.35222709999999324
963,9,54,-0.07781982421875,0.00030517578125,0.37358873795757264,0.34642589999998563
964,9,55,-0.07781982421875,0.00030517578125,0.37358873795757264,0.26190079999997806
965,9,56,-0.07781982421875,0.00030517578125,0.37358873795757264,0.2595180000000141
966,9,57,-0.07781982421875,0.00030517578125,0.37358873795757264,0.2732244000000037
967,9,58,-0.07781982421875,0.00030517578125,0.37358873795757264,0.23983989999999267
968,9,59,-0.07781982421875,0.00030517578125,0.37358873795757264,0.3532811000000038
969,9,60,-0.07781982421875,0.00030517578125,0.37358873795757264,0.3120420999999851
970,9,61,-0.07781982421875,0.00030517578125,0.37358873795757264,0.3006115999999679
971,9,62,-0.07781982421875,0.00030517578125,0.37358873795757264,0.4442488000000253
972,9,63,-0.07781982421875,0.00030517578125,0.37358873795757264,0.28037100000000237
973,9,64,-0.07781982421875,0.00030517578125,0.37358873795757264,0.3685230000000388
974,9,65,-0.07781982421875,0.00030517578125,0.37358873795757264,0.19969340000000102
975,9,66,-0.07781982421875,0.00030517578125,0.37358873795757264,0.28497519999996257
976,9,67,-0.07781982421875,0.00030517578125,0.37358873795757264,0.28155470000001515
977,9,68,-0.07781982421875,0.00030517578125,0.37358873795757264,0.25810039999998935
978,9,69,-0.07781982421875,0.00030517578125,0.37358873795757264,0.21292570000002797
979,9,70,-0.07781982421875,0.00030517578125,0.37358873795757264,0.2880870999999843
980,9,71,-0.07781982421875,0.00030517578125,0.37358873795757264,0.4305350000000203
981,9,72,-0.07781982421875,0.00030517578125,0.37358873795757264,0.29421430000002147
982,9,73,-0.07781982421875,0.00030517578125,0.37358873795757264,0.33617709999998624
983,9,74,-0.07781982421875,0.00030517578125,0.37358873795757264,0.2335226000000148
984,9,75,-0.07781982421875,0.00030517578125,0.37358873795757264,0.4724792000000093
985,9,76,-0.07781982421875,0.00030517578125,0.37358873795757264,0.1974277999999572
986,9,77,-0.07781982421875,0.00030517578125,0.37358873795757264,0.18334350000003496
987,9,78,-0.07781982421875,0.00030517578125,0.37358873795757264,0.30168779999996787
988,9,79,-0.07781982421875,0.00030517578125,0.37358873795757264,0.24935039999996889
989,9,80,-0.07781982421875,0.00030517578125,0.37358873795757264,0.21683940000002622
990,9,81,-0.07781982421875,0.00030517578125,0.37358873795757264,0.41264979999999696
991,9,82,-0.07781982421875,0.00030517578125,0.37358873795757264,0.21858350000002247
992,9,83,-0.07781982421875,0.00030517578125,0.37358873795757264,0.18289579999998296
993,9,84,-0.07781982421875,0.00030517578125,0.37358873795757264,0.2714573999999743
994,9,85,-0.07781982421875,0.00030517578125,0.37358873795757264,0.29459320000000844
995,9,86,-0.07781982421875,0.00030517578125,0.37358873795757264,0.3554325999999719
996,9,87,-0.07781982421875,0.00030517578125,0.37358873795757264,0.3373096999999916
997,9,88,-0.07781982421875,0.00030517578125,0.37358873795757264,0.31880339999997886
998,9,89,-0.07781982421875,0.00030517578125,0.37358873795757264,0.19268539999995937
999,9,90,-0.07781982421875,0.00030517578125,0.37358873795757264,0.32275390000000925
1000,9,91,-0.07781982421875,0.00030517578125,0.37358873795757264,0.20646510000000262
1001,9,92,-0.07781982421875,0.00030517578125,0.37358873795757264,0.2824653000000126
1002,9,93,-0.07781982421875,0.00030517578125,0.37358873795757264,0.24351840000002767
1003,9,94,-0.07781982421875,0.00030517578125,0.37358873795757264,0.365916000000027
1004,9,95,-0.07781982421875,0.00030517578125,0.37358873795757264,0.222200599999951
1005,9,96,-0.07781982421875,0.00030517578125,0.37358873795757264,0.35012949999998
1006,9,97,-0.07781982421875,0.00030517578125,0.37358873795757264,0.17938450000002604
1007,9,98,-0.07781982421875,0.00030517578125,0.37358873795757264,0.20190110000004324
1008,9,99,-0.07781982421875,0.00030517578125,0.37358873795757264,0.2132753000000207
1009,9,100,-0.07781982421875,0.00030517578125,0.37358873795757264,0.2739650999999981
